a-descriptionID,type,title,text,reply_list,reply_list2,reply_list3
d20000,text,,一陣天旋地轉後，您來到了一個陌生的地方。,,,
d20001,text,,甫未睜開眼睛時，您就感受到了一股熱浪般的氣息向您襲來。,,,
d20002,text,,您站穩腳跟，只見兩隻蝙蝠怪獸，正拍打著巨大的翅膀盯著您看。,,,
d20003,confirm,,您：,r20000,r20001,
d20004,text,,"【蝙蝠守衛】：
勇者 $username 您好，別怕，我們是這裡的守衛，不會吃人的。現今情勢嚴峻，我們馬上去找山羊胡大人吧。",,,
d20005,text,,蝙蝠守衛邁著巨大的步伐往遠方的城堡前進，您只能小跑步地跟上他們。,,,
d20006,text,,沿途走去，您仔細看了看妖魔領地的周圍。首先映入眼簾的，是一大片的暗紅色天空。遠處的眾多山脈，時不時迸發出岩漿。周圍的地面寸草不生，隱隱然開始龜裂。在您走動時，甚至還感受到了些微的地震。,,,
d20007,Image,紅色天空,https://dlms.iiiedu.org.tw/eng/img/d20007.png,,,
d20008,text,,越靠近城堡，您看見越來越多的妖魔正攜家帶眷往城堡處移動，耳邊也不時傳來嬰兒的啼哭聲。這一切，似乎讓你感受到末日的來臨。,,,
d20009,confirm,,您覺得：,r20002,r20003,
d20010,text,,您與蝙蝠守衛終於走到了城堡。城堡的外觀看起來十分恢弘，然而城堡上方的柱子卻冒著巨大的黑煙，許多人正積極地用泥沙去滅火，但似乎收效甚微。,,,
d20011,text,,蝙蝠守衛領著您進入城堡內部，有一名羊頭人身正忙著處理公務，看見您進來後，臉上露出喜色。,,,
d20012,text,,"【Faun】：
勇者 $username 您好，歡迎您來到妖魔領地。我是這裡的謀士山羊胡，您也可以叫我 Faun。
在來的路上，您應該也看見了我們領地的情況。三天前，我們遭受了可怕的襲擊。鄰國的一隻鳳凰突然暴走， 來到我們的領地內進行攻擊，除了摧毀了許多的村落之外，也把我們妖魔領地的命脈——水之晶鑽給打碎了。",,,
d20013,text,,Faun吞了吞口水，搖了搖頭，繼續說道：,,,
d20014,text,,"【Faun】：
我們的領地周圍皆是火山，有了水之晶鑽後，我們才得以開墾農地，在這個地方有著正常人的作息。失去了這顆寶石，我們沒有了珍貴的水源，附近的水已經逐漸乾涸了，只有在城堡內部有著一些儲備的水，因此民眾才會往城堡遷徙。但我們的儲備無法供應給那麼多人，過了今天後就會正式用完。",,,
d20015,confirm,,您：,r20004,r20005,
d20016,text,,"【Faun】：
水之晶鑽被打碎後，成為了水滴型的藍水晶，散落在我們的領地周圍。我們聘僱勇者，就是想要請您幫忙尋找四散的藍水晶。我們的民眾已經收集了一部分的水晶，但由於領地太大，大家又遇到了重重困難，且天氣實在太炎熱了，因此只好請您幫忙將剩餘的水晶都收集起來。",,,
d20017,confirm,,您：,r20006,r20007,
d20018,text,,"【Faun】：
太好了！事不宜遲，我們就出發吧！我會派我的得力助手 Keith 來幫助您！",,,
d20019,text,,一隻背後有個駝峰的獨眼巨人，拿著狼牙棒，正傻愣愣地站在一旁對您揮手微笑。,,,
d20020,text,,"【Faun】：
他看起來雖然十分嚇人，但心地善良，對領地十分熟悉，也對所有的人事物都十分照顧，因此也獲得大家的喜愛。他的駝峰能夠儲存水分，所以是我們現今最有能力的助手！",,,
d20021,text,,Keith 憨憨一笑，隨手揮著狼牙棒，不小心把旁邊的柱子打出了一個洞。,,,
d20022,confirm,,您覺得Keith：,r20008,r20009,
d20023,text,,"【Faun】：
……他只是稍微粗心了一些，您就多多體諒他吧。我接下來還需要處理一些公務，事不宜遲，你們出發吧！希望能在傍晚前收到好消息，麻煩你們了！",,,
d20024,text,,您與Keith 走到了門口，開啟了你們的旅程……,,,
d200**,text,,"（第$count 題）
【Keith】：
勇者$username ，現在是 8:00，Faun 希望我們在傍晚18:00前完成。",,,
d20100,text,,夜幕低垂，您拖著疲憊的身軀與 Keith一同回到了城堡內。,,,
d20101,text,,"【Keith】：
呼…… 勇者，今天多虧有你，辛苦了！希望我們收集到足夠的水晶！",,,
d20102,confirm,,您：,r20100,r20101,
d20103,text,,您與 Keith 見到了 Faun，Faun 懷著忐忑的心帶你們到一間巨大的房門外。您在門外就聽見了裡面傳出「呼嚕……呼嚕嚕」的巨大鼾聲。,,,
d20104,text,,門一打開，您看見一隻紅色巨龍正盤著一根大石柱在沉睡，並流著一灘口水。,,,
d20105,Image,紅色巨龍,https://dlms.iiiedu.org.tw/eng/img/d20105.png,,,
d20106,confirm,,您感到：,r20102,r20103,
d20107,text,,"【Faun】：
他就是我們的領主大人 Charles，三天前帶領村民們把鳳凰擊退。然而，由於他的體型過大，平常生活時需要大量的水，因此現今他只能暫時沉睡，以節省水源。",,,
d20108,text,,Charles 在此時搖了搖頭，鼻腔中吐出了些許火息，並用嘶啞的聲音說出些微囈語。,,,
d20109,text,,"【Charles】：
「水……水……」",,,
d20110,confirm,,您感到：,r20104,r20105,
d20111,text,,Faun 帶領您到房間內，只見桌上已有一些殘缺的藍水晶。您把收集到手的藍水晶掏出來，交到 Faun 的手上。,,,
d20112,text,,"【Faun】：
就讓我們看看您所收集的藍水晶，是否足夠讓水之晶鑽恢復原形吧……",,,
d20200,text,,Faun 將剩餘的水晶放在桌上，腳步循著八角星的方位不斷來回，口中念念有詞。最後，Faun 大聲地念出了一句咒語。,,,
d20201,text,,"【Faun】：
Aquamenti! ",,,
d20202,text,,桌上的水晶原本只呈現淡淡的藍色，在Faun念出了此咒語後，四散的水晶突然開始攏聚在一處，變成了一顆水滴型的藍水晶，不斷地旋轉，閃耀著明亮的藍色。,,,
d20203,text,,藍水晶凝聚成形後，飛到了城堡上，並緩緩地降落在柱子上。在降落的那一剎那，水晶突然迸發萬丈光芒，一直到領地的最角落。,,,
d20204,text,,領主 Charles 感受到了領地的變化，耳朵抽動了一下，眼睛緩緩地睜開。,,,
d20205,text,,"【Faun】：
領主大人！在您眼前的是勇者 $username ，是他收集了足夠的藍水晶，才把水之晶鑽凝聚起來的！",,,
d20206,text,,Keith 在旁邊不斷傻笑，遠處傳來民眾歡欣鼓舞的吶喊聲，大家都正在高喊著您的名字。,,,
d20207,text,,"【Charles】：
原來是這樣啊…… 看來，我們瑟賽斯大陸出現了一個了不得的人物啊。",,,
d20208,confirm,,您此時覺得：,r20200,r20201,
d20209,text,,"【Charles】：
那，作為報答，我讓你在我的背上遨遊一番吧！",,,
d20210,text,,您踏上了 Charles 寬闊的背部，Charles 翅膀一拍，就竄上了遠處的高空中。,,,
d20211,text,,您從天空往下看，只見青翠的綠地正迅速地朝領地四周不斷擴散；在水源的滋潤下，樹木以不可思議的速度成長為參天大樹；植物的回歸也吸引了許多動物的歸來，眾多的鳥類與昆蟲正嘰嘰喳喳地講述這幾天的災難。,,,
d20212,text,,妖魔領地從一片死氣沉沉的氛圍，恢復到了清新，自然的生態。您看著這一切事物，感受到了歲月靜好。,,,
d20300,text,,Faun 將剩餘的水晶放在桌上，腳步循著八角星的方位不斷來回，口中念念有詞。最後，Faun 大聲地念出了一句咒語。,,,
d20301,text,,"【Faun】：
Aquamenti! ",,,
d20302,text,,桌上的水晶原本只呈現淡淡的藍色，在Faun念出了此咒語後，四散的水晶緩緩地攏聚在一處，然而卻遲遲未能成型。,,,
d20303,text,,"【Faun】：
啊……看來是收集的水晶不夠啊。",,,
d20304,confirm,,您感到：,r20300,r20301,
d20305,text,,"【Faun】：
沒關係，我們還有一天的水源，明天以前還會有希望的！",,,
d20306,text,,突然，領主 Charles 緩緩睜開雙眼，看著桌上的水晶後看向您。,,,
d20307,text,,"【Charles】：
你應該是冒險者公會所派來的勇者吧。失敗了沒關係，水之晶鑽也不是你打破的。盡力了就好吧。",,,
d20308,text,,您望向遠方依舊火紅的天空，心中滿是苦澀。,,,
d20400,text,,您望向窗外，夜幕低垂、燈火闌珊。是時候該離開了。,,,
d20401,text,,"【Charles】：
天色也晚了，謝謝你今天的幫忙。護衛們，麻煩你們送勇者了。",,,
d20402,text,,"【Faun】：
勇者 $username ，希望您有機會還能過來哦！",,,
d20403,text,,"【Keith】：
勇者，很高興認識您！",,,
d20404,confirm,,您決定：,r20400,r20401,
d20405,text,,蝙蝠護衛護送您到到傳送陣前，您向他們揮一揮手，離開了妖魔領地。,,,
d20406,text,,隨著傳送陣啟動，您想到今天所遇到的人事物，不禁發出會心一笑。您決定以後一定會再回來，真正體驗這美麗的領地……,,,
d20500,text,,"【Keith】：
勇者 $username ，等等！",,,
d20501,text,,您轉過身，看見Keith正急急向您跑來。,,,
d20502,text,,"【Keith】：
今天能夠與您一同去收集水晶，對我來說是個不可多得的經驗，真的很謝謝您！為了報答您，請你收下我的小小心意！",,,
d20503,text,,Keith 將一個盒子遞給您，裡面是一片精緻的四葉草。,,,
d20504,text,,"【Keith】：
這片四葉草在缺乏水源的情況下，還能夠頑強地生長，我希望您能夠擁有牠，作為您來到妖魔領地的珍貴回憶！",,,
d20505,confirm,,您：,r20500,r20501,
d20506,text,,您揮揮手，轉頭踏上傳送陣，滿足地離開。,,,
d21000,text,,您與 Keith 走在城堡外部，看著人們有秩序地走向城堡內，祈望得以盡快喝到一口水。,,,
d21001,text,,"【？？？】：
嗚嗚嗚——",,,
d21002,confirm,,您轉過身，看見一個小女孩在哭泣。您……,r21000,r21001,
d21003,text,,"【Keith】：
咳咳！勇者您不用擔心，她是賣水果一家的妖精小孩 Lily，其實她常常這樣的。",,,
d21004,confirm,,您覺得 Lily……,r21002,r21003,
d21005,text,,"【Lily】：
為什麼我總是不會寫？我明明都記得啊嗚嗚嗚——",,,
d21006,text,,"【Keith】：
勇者，是這樣的。Lily是一名妖精學徒，但她每次都忘記剛學的咒語要怎麼寫。
其實她都知道怎麼念、但就是不會寫，所以常常被她師父唸。
她師父發火起來真的很恐怖……",,,
d21007,confirm,,您想要……,r21004,r21005,
d21008,text,,Lily抬起頭，水汪汪的大眼緊盯著您和 Keith。,,,
d21009,text,,"【Lily】：
Keith！你帶救星來幫我了嗎？",,,
d21010,text,,"【Keith】：
呃、Lily你好，為你介紹一下這是勇者$username，我們現在在任務中。",,,
d21011,text,,"【Lily】：
原來是你是勇者嗎？那你是不是很厲害，可以幫我把咒語裡的一個單字寫出來？師父說，只要我學會所有咒語，我就有機會拯救妖魔領地！",,,
d21012,text,,看著Lily期盼的眼神，您總覺得好像難以拒絕她熱切的期盼...,,,
d21013,confirm,,您決定……,r21006,r21007,
d21014,text,,"【Lily】：
真是太好啦！果然是熱心的勇者～
那我來唸給您聽！",,,
d21015,text,,說完，Lily便唸出了一個英文單字...,,,
d21100,text,,"【Lily】：
哇！好像就是這樣寫欸！果然是最厲害的勇者～
終於可以好好記錄下來了！我以後一定要像您一樣，拯救妖魔領地！",,,
d21101,text,,剛才還鬱鬱寡歡的 Lily馬上破涕為笑，看來您真的幫了她許多呢！,,,
d21102,text,,"【Lily】：
雖然我只是一個小小學徒、身上沒有什麼值錢的東西，但為了感謝勇者，請您收下我昨天在路邊撿的小玉石吧！這麼漂亮的東西我平常可是捨不得送人的呢！",,,
d21103,confirm,,您決定……,r21100,r21101,
d21104,text,,Lily匆忙地將一枚閃著亮麗色澤的藍色水晶遞給您，在陽光的照射下，水晶散發出一種無可取代的魔幻感。,,,
d21105,image,藍水晶,https://dlms.iiiedu.org.tw/eng/img/d21105.png,,,
d21106,text,,"【Keith】：
勇者$username！就是牠！",,,
d21107,confirm,,您說……,r21102,r21103,
d21108,text,,"【Keith】：
是的！我一定不會認錯！這就是我們在找的藍水晶。",,,
d21109,text,,"【Lily】：
原來這是你們的任務內容啊？真開心我也幫到你們了～",,,
d21110,confirm,,您說……,r21104,r21105,
d21111,text,,"【Keith】：
真是太好了！
不過Lily，因為我們時間有限，勇者 $username 和我還是趕緊上路、繼續尋找任務好了！",,,
d21112,text,,"【Lily】：
好呀！我也繼續複習了，祝你們任務順利！",,,
d21200,text,,"【Lily】：
疑...怎麼覺得有點奇怪...",,,
d21300,text,,"【Lily】：
好像不是欸... 
沒關係，我再去找其他人幫忙，你們繼續進行任務吧！",,,
d22000,text,,您與 Keith 先從城堡周圍開始搜索，來到了城堡曾經的花園中。原本的一地翠綠，如今開始荒蕪；植物在失去水分的滋潤下，逐漸枯萎。曾經盛放在花園內的紅白玫瑰，如今也開始凋零。,,,
d22001,text,,您與 Keith 各自運用自己的方式來翻找藍水晶，企圖將所有的落葉與花瓣都翻過來。由於您的魔法有限，因此只能一片片地去尋找；Keith 則使用他的狼牙棒將落葉與花瓣都掃清。在數公頃大的花園當中，你們所作的一切看起來是那麼地渺小。,,,
d22002,text,,然而，您與 Keith 秉持著鍥而不捨的精神，不放過一絲一毫的機會，企圖從中找出那一閃藍色的光芒。但在找尋了一段時間後，你們仍一無所獲。,,,
d22003,text,,"【？？？】：
你們在找什麼？",,,
d22004,text,,"低沉的聲音從後方傳來，您和Keith倏地回過頭。
原先無其他外人的花園中，有一隻半人馬噠噠地走向你們。",,,
d22005,confirm,,您想說……,r22000,r22001,
d22006,text,,半人馬以深邃的目光看著您，並未回答您的問題。您感覺自身的靈魂似乎都要被看穿了。,,,
d22007,text,,"【Keith】：
Athanandros您好，我是領主的助手，我叫Keith。",,,
d22008,text,,"【Athanandros】：
嗯我看過你，Keith。我是Athanandros，是這個花園的掌管者。
你們是在找什麼嗎？",,,
d22009,text,,"【Keith】：
我們正在尋找水之晶鑽的碎片，我們要把散落在各地的藍水晶找回來。",,,
d22010,text,,Athanandros 一怔。作為花園的掌管者，看著植物逐漸失去生命與靈魂，是他最大的遺憾。,,,
d22011,text,,"【Athanandros】：
前幾日我似乎看到一抹藍光飛向那個方向。但由於當天我也參與了抵抗鳳凰的戰爭，因此我不確定方向是否正確。",,,
d22012,confirm,,您想說……,r22002,r22003,
d22013,text,,"【Keith】：
我也覺得有點像藍水晶。",,,
d22014,confirm,,您想說……,r22004,r22005,
d22015,text,,Athanandros的脖子微微地動了一下，說道：,,,
d22016,text,,"【Athanandros】：
你仔細聽好接下來要走的方向——",,,
d22100,text,,您與 Keith 聽清了 Athanandros 所說的方向，一路朝那個方向奔跑。,,,
d22101,text,,在踩踏了無數的落葉與花瓣後，你們逐漸放緩腳步，仔細在各處尋找。,,,
d22102,text,,您定睛一看，右前方的花瓣叢的陰影中有一絲絲亮光。,,,
d22103,confirm,,您想說……,r22100,r22101,
d22104,text,,"【Keith】：
呼～終於找到了，真好！",,,
d22105,text,,您決定……,r22102,r22103,
d22106,text,,"您與Keith看著眼前的水晶，舒心地吐了口氣。
隨後，你們朝著剛才前來的方向走回去。",,,
d22107,text,,Athanandros還停留在原地，似乎期盼著你們的到來。他開口向你們詢問。,,,
d22108,text,,"【Athanandros】：
找到了嗎？",,,
d22109,confirm,,您說……,r22104,r22105,
d22110,text,,"【Athanandros】：
那就好，不用謝。這是我作為花園管理者，應盡的基本責任。",,,
d22111,text,,"Athanandros再度深深地望著您，微微頷首。
他不等你們作出任何回應，也不再多說一句話，隨即轉過身，踏著噠噠的馬蹄聲逐漸遠去。",,,
d22200,text,,您與Keith跟隨著自己聽到的方向前去，但找了很久仍然不見藍水晶的蹤跡。,,,
d22201,text,,你們回到半人馬的面前，一臉困惑。,,,
d22202,text,,"【Athanandros】：
找到了嗎？",,,
d22203,confirm,,您想說……,r22200,r22201,
d22204,text,,"【Athanandros】：
不然我再念一次，你檢查一下剛剛是不是走錯路。",,,
d22300,text,,您與Keith再次跟隨著自己聽到的方向前去，但在大片的落葉與花瓣當中，依然不見藍水晶的蹤跡。,,,
d22301,text,,你們回到半人馬的面前，面色不佳。,,,
d22302,text,,"【Athanandros】：
還是沒看到嗎？",,,
d22303,text,,Keith抓抓頭，說道：,,,
d22304,text,,"【Keith】：
是的，Athanandros，連發亮的東西都沒看到。",,,
d22305,text,,"【Athanandros】：
或許是我當時看錯了吧！在兵荒馬亂當中，應該是我看錯了。",,,
d22306,confirm,,您覺得……,r22300,r22301,
d22307,text,,Athanandros 沉默地望著您，眼神透露出些許失望。,,,
d22308,text,,"【Athanandros】：
花園沒有，祝你們能在其他地方找到了。",,,
d22309,text,,語畢，他的身影穿越玫瑰與薔薇的花叢中，緩緩消失在視野深處。,,,
d23000,text,,"您與 Keith 走在領地的城牆上，放遠望去，只見一片荒蕪。
巨大的灰色城堡矗立在正中央，讓曾經恢弘的城堡在如今一大片的紅色當中，看起來有些突兀。",,,
d23001,text,,"【Keith】：
如果藍水晶像城堡一樣，那麼顯眼地在我們的眼前就好了。",,,
d23002,confirm,,您想說……,r23000,r23001,
d23003,text,,"【Keith】：
從高處往下看，應該更容易看得到水晶發光吧！",,,
d23004,text,,"【？？？】：
唧唧——",,,
d23005,text,,"一個洪亮婉轉的鳥鳴在數公尺外的城牆上響起。
您定睛一看，一只嬌小的蜂鳥頂著招搖的彩色羽毛，在紅色天空的襯托下搖曳生姿。",,,
d23006,confirm,,您覺得牠...,r23002,r23003,
d23007,text,,"【Keith】：
真的很漂亮，那是我們領地中著名的魔法七彩蜂鳥。飛行速度很快，外觀也非常亮麗，在現在顯得特別顯眼。更厲害的是，牠具有吸引有魔力的特質喔！在只是現在牠正苦於缺水當中，積極地在尋找其他地方的水源。",,,
d23008,text,,"蜂鳥：
唧——",,,
d23009,text,,說時遲那時快，那隻色彩鮮豔的蜂鳥拍了拍翅膀，豐滿的羽翼下突然閃現藍色的光芒...,,,
d23010,confirm,,您想說……,r23004,r23005,
d23011,text,,Keith趕忙看了看那剛起飛的蜂鳥，倏地瞪大了眼。,,,
d23012,text,,"【Keith】：
對、對，那是！",,,
d23013,text,,您決定……,r23006,r23007,
d23014,text,,"【Keith】：
勇者您等等！您有沒有看到環繞在牠周圍的字？把牠叫住就可以讓牠停下來了！",,,
d23015,text,,您看了一下蜂鳥，牠的身邊浮現了淡淡的字跡...,,,
d23100,text,,"您一說完，那隻七彩蜂鳥動作一滯，隨即停下飛行的動作、落回地上。
牠回過頭、眨了眨眼，明亮的眼睛活潑動人。",,,
d23101,text,,Keith放鬆地吐了一口氣，隨即小心翼翼地向七彩蜂鳥走去。他蹲下身子，輕拂蜂鳥的羽翼，並輕輕翻開藏有藍水晶的羽翼。,,,
d23102,text,,您覺得……,r23100,r23101,
d23103,text,,"【Keith】：
幸好您在牠飛走前還來得及喊牠的名字，真的太好了！",,,
d23200,text,,"【Keith】：
咦，牠沒有停下來？是不是剛剛念不正確？要不要再試一次？",,,
d23300,text,,"【Keith】：
啊……",,,
d23301,text,,儘管您與Keith跟在蜂鳥的後面邊追邊喊，那隻蜂鳥卻帶著那枚藍水晶與你們的遺憾，展翅離去。,,,
d24000,text,,您與 Keith 仔細地在領地周圍尋找藍水晶，走到了領地中曾經最美麗的地方——「醉月湖」。,,,
d24001,text,,湖面上的水逐漸乾涸，曾經盛放的蓮花蓮葉也逐漸凋零，許多的魚蝦集中在為數不多的淺灘裡，只為了求一線生機。,,,
d24002,text,,然而，附近的妖魔小孩看到了這樣的景象後，卻願意為了這些魚蝦而犧牲一些自己的水，只為了讓池塘里的生物們能夠活得更久一些。大人們也並未阻止小孩們的做法，反而在旁邊教育小孩，該怎麼善於對待各類生物。您從他們的眼中，看出他們對於生命的尊崇與嚮往。雖然處在危急的時刻，但人們依然追求著真正美好的事物。,,,
d24003,confirm,,此刻，您：,r24000,r24001,
d24004,text,,突然，曾經的湖中央冒出了一個大型舞台，只見幾位美麗的人魚手上彈著豎琴，圍繞著一位體態優雅的人魚，緩緩地唱起歌。,,,
d24005,text,,"【Keith】：
這是我們領地內最著名的人魚樂隊，其中領唱者 Coralia更是遠近馳名。她的歌聲有著安定人心的作用，舒緩我們的情緒。在戰爭後，他們每天都會定時演唱一次，讓附近的民眾得以忘卻痛苦，更積極地面對接下來的人生。",,,
d24006,text,,Coralia 的歌聲悅耳動聽，讓周圍的人不知不覺向她靠攏。您與 Keith 也同樣被 Coralia 所吸引，緩緩地朝著她走去。,,,
d24007,text,,然而，Coralia 的歌聲也同時有催眠的作用，聽得越久，越讓人昏昏欲睡。就在此刻，似乎只有您聽見 Coralia 歌聲背後的一些聽不清，道不明的話語。,,,
d24008,confirm,,您想要：,r24002,r24003,
d24009,text,,"【Coralia】：
勇者啊勇者，如果您想要從我這邊得到什麼，請您務必聽清……",,,
d24010,text,,您仔細聽了聽Coralia 所說的話，發現到原來背後隱藏著這樣的訊息……,,,
d24100,text,,您聽懂了 Coralia 背後所說的話，腦袋一陣清醒。,,,
d24101,text,,Coralia 向您露出讚許的眼光，並取出了她手上的戒指，把牠交到您手上——原來戒指上，就有著您正在找的藍水晶。,,,
d24102,text,,您帶著依然迷糊的 Keith 走到遠處，在 Coralia 歌聲逐漸遠去後，Keith 猛然清醒。,,,
d24103,text,,"【Keith】：
咦？勇者 $username ，您什麼時候取得這塊藍水晶的呢？",,,
d24104,text,,您微笑不語，這是您與 Coralia 之間的秘密。,,,
d24200,text,,"【Coralia】：
勇者啊勇者，請專心傾聽，機不可失，失不再來……",,,
d24201,confirm,,您打算：,r24200,r24201,
d24202,text,,Coralia 的歌聲再度響起，您又陷入了魔幻的氛圍當中，企圖再仔細聽多一次……,,,
d24300,text,,您已竭盡所能，然而卻依然聽不清楚 Coralia 歌聲背後的話語。,,,
d24301,text,,您與 Keith 一路走到遠處，Coralia 的歌聲逐漸遠去，您與 Keith 逐漸清醒。,,,
d24302,confirm,,您感到：,r24300,r24301,
d24303,text,,"【Keith】：
呼，剛剛好像睡了一場好覺，勇者 $username 您還好嗎？",,,
d24304,text,,您搖了搖頭，與 Keith 一同朝著下一個目的地出發。,,,
d25000,text,,妖魔領地的南部，有一塊暗黑的土地。那是傳聞已久的禁忌森林，許多恐怖的傳聞曾由此出沒。您與 Keith 討論之後，決定在森林中找尋水晶。,,,
d25001,text,,與一般的森林不同，這裡的樹似乎並不需要水分來存活。然而，這些樹的樹葉並非是青翠的綠色，而是暗淡的灰與黑色。路上荊棘密布，只能靠您小心翼翼地走在安全的道路上，以及 Keith 時不時用狼牙棒來開路，才能讓你們走得較為順暢。但過了許久，卻仍然不見藍水晶的蹤跡。,,,
d25002,text,,Keith 在前面拿著狼牙棒開道，突然，您聽見了很大的「轟隆隆」聲響。只見 Keith 的狼牙棒上插著一個大蜂窩，Keith 被困在憤怒的蜜蜂群裡，無法脫困。,,,
d25003,text,,"【Keith】：
啊啊啊啊!!! 勇者 $username 救命啊！",,,
d25004,text,,"【？？？】：
嘎嘎嘎嘎，終於有人掉入了我的陷阱！",,,
d25005,text,,您轉過頭來，看見一只粉紅色的小妖精正笑嘻嘻地看著你們，手上正拿著明晃晃的藍寶石，正是您遍尋不獲的藍水晶。,,,
d25006,text,,"【Keith】：
他是我們領地內的搗蛋鬼 Fresia，專門愛捉弄人和開玩笑！一定是他把蜂窩放在附近，讓我故意打到的！勇者 $username 您先別管我，先把水晶拿到手！",,,
d25007,confirm,,您…,r25000,r25001,
d25008,text,,"【Fresia】：
沒用的，你們已經惹怒了妖魔領地內最惡名昭彰的「虎狼巨蜂」，現在Keith 已經陷入了他們的「巨蜂囚籠」！囚籠內有嚴密的防護層，除非你有更為強大的咒語來破除他，要不然你永遠都救不到他，更不可能從我手上拿到水晶！嘎嘎嘎嘎……",,,
d25009,confirm,,您決定...,r25002,r25003,
d25010,text,,"【Fresia】：
我當然知道該怎麼打破囚籠，但我為什麼要幫你呢？好不容易有人來陪我玩了，你就慢慢地打破囚籠吧！我先去把水晶藏起來咯嘻嘻嘻……",,,
d25011,text,,虎狼巨蜂的囚籠雖然嚴密，但Keith 暫時並無生命之憂。您從巨蜂的飛行方式，看出了一絲規律，似乎是一個中文字，他的意思是…,,,
d25100,text,,您念出了這個咒語，「啵」的一聲，囚籠外的防護層逐漸瓦解，巨蜂也慢慢散去。Fresia 頓時覺得大難臨頭。,,,
d25101,text,,"【Fresia】：
勇者 $username ，你、你破壞了我的玩具，給我記著！",,,
d25102,text,,Fresia 邊說邊跑，連水晶都不顧，驚慌失措地逃走了。,,,
d25103,text,,"【Keith】：
勇者 $username 您真厲害！這就是我們想要找的水晶啊！感謝您救了我！",,,
d25104,confirm,,您…,r25100,r25101,
d25105,text,,"【Keith】：
走吧，我們繼續去尋找下一個藍水晶！",,,
d25200,text,,"【Fresia】：
MUAHAHAHA，我感覺囚籠越來越堅固了！你是不是想要把 Keith 一直困在這邊啊？",,,
d25201,confirm,,您想說…,r25200,r25201,
d25202,text,,"【Keith】：
勇者 $username 沒關係，您慢慢想，咒語是不是另外一個意思？",,,
d25300,text,,"【Fresia】：
哈哈哈，看來你的法力不夠強啊！這樣都不好玩的，我走啦拜拜！",,,
d25301,text,,Fresia 把虎狼巨蜂的咒語去掉，把Keith 放出來，但也帶著藍水晶離開了。,,,
d25302,confirm,,您覺得…,r25300,r25301,
d25303,text,,"【Keith】：
沒關係，勇者 $username 振作起來！接下來還有機會能夠找到足夠的藍水晶！我們一起加油吧！",,,
d26000,text,,時間緊迫，您與 Keith 十分緊張地穿梭在領主的城堡當中，就連一磚一瓦都不放過，恨不得把城堡都反轉過來。,,,
d26001,text,,在仔細敲打著牆上的磚頭時，您聽到了牆後傳來一陣回音。,,,
d26002,text,,"【Keith】：
咦？難道牆後有一條通道？",,,
d26003,text,,您與 Keith 正研究著該如何走進這條通道時，突然裡面傳來細微的哭聲。,,,
d26004,confirm,,您決定：,r26000,r26001,
d26005,text,,牆上的磚頭猶如被施了神奇的魔法，「轟隆隆」地朝外轉開了，露出了裡面的一條幽靜的小通道，而在通道的盡頭坐著一只全身雪白的人型怪物。,,,
d26006,text,,"【Keith】：
這不是我們領地內雪怪將軍的兒子 Yerman 嗎？你怎麼坐在這裡啊？",,,
d26007,text,,"【Yerman】：
嗚……嗚嗚嗚……",,,
d26008,confirm,,您：,r26002,r26003,
d26009,text,,"【Yerman】：
我爸爸把我的房間鎖上了，留下了一封信，但我看不懂，進不去我的房間……嗚嗚嗚……",,,
d26010,text,,Keith 把插在門縫的信抽出，看了看上面寫的文字。,,,
d26011,text,,"【Keith】：
這個我也看不懂耶，勇者 $username ，您能夠幫幫他嗎？",,,
d26012,text,,您接過那一張紙，信中呈現的是……,,,
d26100,text,,「叮鈴」！「嘎噠」！,,,
d26101,text,,伴隨著響亮的鈴聲，房門也自然地開啟。Yerman 不再哭泣，高興地在房間裡跳躍，讓房間內都開始下雪。,,,
d26102,text,,"【Yerman】：
啊對也，我忘了我能夠穿牆，我爸應該是不想讓其他人進來，才放這個關卡……",,,
d26103,text,,您往房裡四下一看，發現桌上正放著一個晶瑩剔透的藍水晶，正閃閃發光。,,,
d26104,text,,"【Yerman】：
對了，我爸把門鎖上，正是為了要保護這塊水晶，不被人偷走！勇者 $username ，您能夠把這塊水晶交給領主大人嗎？",,,
d26105,confirm,,您說道：,r26100,r26101,
d26106,text,,您與 Keith 把珍貴的綠水晶收好，留下興高采烈的 Yerman，繼續前往下一個目的地。,,,
d26200,text,,房門發出了猶如生鏽般的「嘎吱嘎吱」聲，但門始終未開。,,,
d26201,text,,"【Yerman】：
怎麼辦怎麼辦，我好像忘了放在房間內很重要的東西，我很急著要進入房間……嗚嗚嗚……",,,
d26202,text,,Yerman 開始嚎啕大哭，您怎麼勸都勸不住。,,,
d26203,text,,"【Keith】：
勇者 $username ，要不然您再試試看多解一次，讓他能趕快進入房間？",,,
d26300,text,,「喀琅」！房門發出了沉重的鎖門聲，通道也開始緩緩關閉。,,,
d26301,text,,"【Keith】：
糟糕！勇者 $username ，我們先趕快跑吧，要不然就會被困在這邊！",,,
d26302,text,,此刻的您決定：,r26300,r26301,
d26303,text,,通道已幾乎完全關閉，Keith 拉著您趕忙離開通道，留下依然在哭泣的 Yerman，等待著他父親的歸來。,,,
d27000,text,,您與 Keith 分析了水之晶鑽的掉落軌跡，認為很有可能會掉到城堡的地底內部，因此您與Keith趕緊到城堡內的地下道去探個究竟。,,,
d27001,text,,由於鮮少有人進入，地下道內充斥著濃厚的潮濕味以及淡淡的霉味。看著周圍泛黃的牆壁，踩在濕漉漉的地板，聽著滴答的水聲，感受著周圍陰森的風，您不禁缩了缩肩膀。,,,
d27002,text,,突然，您聽見了「啪嗒，啪嗒」的聲音，轉角處似乎有巨大的影子，正緩緩地向你走來。,,,
d27003,text,,您與 Keith 踩著緩慢的腳步走到轉角處，看見一個人頭、獅身、有著巨大翅膀的怪物在瞪著你。,,,
d27004,confirm,,您：,r27000,r27001,
d27005,text,,"【Keith】：
勇者 $username ，這是我們領主養的貓，牠叫 Cheshire。",,,
d27006,text,,"【Cheshire】：
喵。你可以叫我 Cheshire 大人。",,,
d27007,confirm,,您：,r27002,r27003,
d27008,text,,"【Keith】：
Cheshire，你知道兩天前發生的戰爭嗎？",,,
d27009,text,,"【Cheshire】：
我知道。",,,
d27010,text,,"【Keith】：
你為什麼沒有一起參戰呢？",,,
d27011,text,,"【Cheshire】：
因為我太懶了。而且我只是一只貓。喵。",,,
d27012,text,,您下定決心，想要趕快離開這只無聊的貓時，突然看到牠正在把玩的藍色小物。您暗示 Keith，請他幫忙看一看，是不是你們要找的藍水晶。,,,
d27013,text,,"【Keith】：
Cheshire 大人，可以給我們看看你爪下的玩具嗎？",,,
d27014,text,,"【Cheshire】：
不可以。",,,
d27015,confirm,,您只能：,r27004,r27005,
d27016,text,,Cheshire 罕見地露出了羞澀的面貌，並說道：,,,
d27017,text,,"【Cheshire】：
「如，如果你們幫我看看這本書在說什麼的話，我就考慮把這塊水晶給你們！」 ",,,
d27018,text,,Cheshire 手中幻化出一本神秘的書，上面寫到：,,,
d27100,text,,Cheshire 眨著閃亮亮的眼睛看著您，心裡升起無限崇敬之意。,,,
d27101,text,,"【Cheshire】：
勇者 $username 大人！請讓我跟隨你吧！隔壁小櫻跟我說，只要我會念這本書，就答應和我約會！您真的太厲害了！",,,
d27102,confirm,,您覺得Cheshire 太無聊了，因此您：,r27100,r27101,
d27103,text,,Keith 從 Cheshire 手中拿走藍水晶後，不管Cheshire 在後面如何呼喚您，馬上帶您去下一個目的地。,,,
d27200,text,,"【Cheshire】：
咦？是這個意思嗎？我以為這是隔壁小櫻寫給我的情書……",,,
d27201,text,,Cheshire 無精打采地把玩著藍水晶，眺望著遠方，應該是在想念小櫻。,,,
d27202,text,,"【Keith】：
勇者 $username ，看在牠那麼癡情的份上，您要不要再試著幫牠解答多一次？",,,
d27300,text,,"【Cheshire】：
好像也不是這個意思…… 唉，隔壁小櫻說如果我都看不懂這本書在講什麼的話，就不再跟我見面……我看我還是把這塊藍水晶送給牠，當作賠罪好了……",,,
d27301,text,,Cheshire 拿著藍水晶，沮喪地離開了。,,,
d27302,text,,"【Keith】：
勇者 $username ，看來 Cheshire 真的很在乎小櫻…… 我們再去下一個地方找找看吧！",,,